gamma,energy_density_ratio
0.0,1.0
0.020000000000000004,1.0198559478380396
0.04000000000000001,1.0397118956760794
0.06,1.059567843514119
0.08000000000000002,1.0794237913521587
0.1,1.0992797391901983
