{
  "generated_utc": "2026-02-16T06:21:28+00:00",
  "status": "PASS",
  "baseline_ratio": 1.0,
  "gamma_ratios": {
    "0.0000": 1.0,
    "0.0100": 1.00993,
    "0.0500": 1.04964
  },
  "max_abs_deviation": 0.04964,
  "mean_abs_deviation": 0.01985667,
  "rmse": 0.02922747,
  "rejection_threshold": 0.12
}
