{
  "generated_utc": "2026-03-07T05:31:10+00:00",
  "status": "PASS",
  "baseline_ratio": 1.0,
  "gamma_ratios": {
    "0.0000": 1.0,
    "0.0200": 1.01986,
    "0.0500": 1.04964
  },
  "max_abs_deviation": 0.04964,
  "mean_abs_deviation": 0.02316667,
  "rmse": 0.03086826,
  "rejection_threshold": 0.12
}
