{
  "updated_utc": "2026-03-07T08:36:43.582608+00:00",
  "reserve_tokens": 41276.899604,
  "reserve_credits": 45.195259,
  "reserve_energy_units": 6498.600609,
  "reserve_cap_tokens": 625400.746378,
  "reserve_cap_credits": 3065.821579,
  "reserve_cap_energy_units": 111689.504547
}
