{
  "updated_utc": "2026-03-04T11:29:10.203116+00:00",
  "reserve_tokens": 9100.693513,
  "reserve_credits": 52.218514,
  "reserve_energy_units": 2007.602931,
  "reserve_cap_tokens": 496607.387825,
  "reserve_cap_credits": 3065.821579,
  "reserve_cap_energy_units": 50010.629959
}
