{
  "updated_utc": "2026-03-07T02:36:22.490844+00:00",
  "reserve_tokens": 27096.797104,
  "reserve_credits": 31.01515,
  "reserve_energy_units": 5405.808069,
  "reserve_cap_tokens": 496607.387825,
  "reserve_cap_credits": 3065.821579,
  "reserve_cap_energy_units": 111689.504547
}
