{
  "updated_utc": "2026-02-16T04:30:30.941089+00:00",
  "reserve_tokens": 8057.669563,
  "reserve_credits": 63.938894,
  "reserve_energy_units": 879.015283,
  "reserve_cap_tokens": 496607.387825,
  "reserve_cap_credits": 3065.821579,
  "reserve_cap_energy_units": 15421.173051
}
