{
  "updated_utc": "2026-03-07T05:37:26.644655+00:00",
  "reserve_tokens": 31890.912104,
  "reserve_credits": 35.809268,
  "reserve_energy_units": 5908.423309,
  "reserve_cap_tokens": 496607.387825,
  "reserve_cap_credits": 3065.821579,
  "reserve_cap_energy_units": 111689.504547
}
