{
  "updated_utc": "2026-03-05T09:58:01.623789+00:00",
  "reserve_tokens": 12796.006104,
  "reserve_credits": 48.717507,
  "reserve_energy_units": 2406.95773,
  "reserve_cap_tokens": 496607.387825,
  "reserve_cap_credits": 3065.821579,
  "reserve_cap_energy_units": 50010.629959
}
