{
  "updated_utc": "2026-02-16T01:58:56.985792+00:00",
  "reserve_tokens": 26987.716833,
  "reserve_credits": 84.856339,
  "reserve_energy_units": 322.454102,
  "reserve_cap_tokens": 496607.387825,
  "reserve_cap_credits": 3065.821579,
  "reserve_cap_energy_units": 6784.739966
}
