{
  "updated_utc": "2026-02-16T01:08:49.598574+00:00",
  "reserve_tokens": 4143.828579,
  "reserve_credits": 69.868622,
  "reserve_energy_units": 154.621011,
  "reserve_cap_tokens": 4143.828579,
  "reserve_cap_credits": 2752.257092,
  "reserve_cap_energy_units": 4143.828579
}
