{
  "updated_utc": "2026-02-16T02:40:50.969939+00:00",
  "reserve_tokens": 31821.384333,
  "reserve_credits": 89.690006,
  "reserve_energy_units": 244.317582,
  "reserve_cap_tokens": 181830.394144,
  "reserve_cap_credits": 3065.821579,
  "reserve_cap_energy_units": 6784.739966
}
