{
  "updated_utc": "2026-03-06T01:19:32.845439+00:00",
  "reserve_tokens": 17441.194248,
  "reserve_credits": 49.620374,
  "reserve_energy_units": 2567.563111,
  "reserve_cap_tokens": 496607.387825,
  "reserve_cap_credits": 3065.821579,
  "reserve_cap_energy_units": 67832.11015
}
