{
  "updated_utc": "2026-03-02T07:33:28.214977+00:00",
  "reserve_tokens": 7981.863941,
  "reserve_credits": 55.117819,
  "reserve_energy_units": 1768.289275,
  "reserve_cap_tokens": 496607.387825,
  "reserve_cap_credits": 3065.821579,
  "reserve_cap_energy_units": 39532.462286
}
