{
  "updated_utc": "2026-02-16T04:02:31.775054+00:00",
  "reserve_tokens": 10497.646833,
  "reserve_credits": 68.366271,
  "reserve_energy_units": 637.844782,
  "reserve_cap_tokens": 496607.387825,
  "reserve_cap_credits": 3065.821579,
  "reserve_cap_energy_units": 8741.708896
}
