{
  "updated_utc": "2026-02-16T03:50:33.833437+00:00",
  "reserve_tokens": 10012.599333,
  "reserve_credits": 67.881224,
  "reserve_energy_units": 720.329922,
  "reserve_cap_tokens": 496607.387825,
  "reserve_cap_credits": 3065.821579,
  "reserve_cap_energy_units": 10022.128029
}
