{
  "updated_utc": "2026-02-16T10:32:58.606663+00:00",
  "reserve_tokens": 21063.481223,
  "reserve_credits": 72.177846,
  "reserve_energy_units": 1294.159564,
  "reserve_cap_tokens": 496607.387825,
  "reserve_cap_credits": 3065.821579,
  "reserve_cap_energy_units": 24750.032287
}
