{
  "updated_utc": "2026-03-06T13:11:48.220333+00:00",
  "reserve_tokens": 9692.381682,
  "reserve_credits": 15.918351,
  "reserve_energy_units": 4979.706771,
  "reserve_cap_tokens": 496607.387825,
  "reserve_cap_credits": 3065.821579,
  "reserve_cap_energy_units": 97503.232959
}
