{
  "updated_utc": "2026-03-06T02:30:41.363286+00:00",
  "reserve_tokens": 17910.344196,
  "reserve_credits": 42.534504,
  "reserve_energy_units": 3045.705333,
  "reserve_cap_tokens": 496607.387825,
  "reserve_cap_credits": 3065.821579,
  "reserve_cap_energy_units": 82741.294125
}
