{
  "updated_utc": "2026-02-16T03:18:54.753485+00:00",
  "reserve_tokens": 15789.754333,
  "reserve_credits": 73.658378,
  "reserve_energy_units": 560.166702,
  "reserve_cap_tokens": 496607.387825,
  "reserve_cap_credits": 3065.821579,
  "reserve_cap_energy_units": 7522.606403
}
