{
  "updated_utc": "2026-02-16T06:21:28.268100+00:00",
  "reserve_tokens": 19265.756223,
  "reserve_credits": 70.38012,
  "reserve_energy_units": 1126.421464,
  "reserve_cap_tokens": 496607.387825,
  "reserve_cap_credits": 3065.821579,
  "reserve_cap_energy_units": 24750.032287
}
