{
  "updated_utc": "2026-02-16T06:43:23.547818+00:00",
  "reserve_tokens": 12065.741377,
  "reserve_credits": 62.257728,
  "reserve_energy_units": 1199.731801,
  "reserve_cap_tokens": 496607.387825,
  "reserve_cap_credits": 3065.821579,
  "reserve_cap_energy_units": 24619.627059
}
