{
  "updated_utc": "2026-02-16T07:11:06.260236+00:00",
  "reserve_tokens": 19793.788723,
  "reserve_credits": 70.908153,
  "reserve_energy_units": 1209.919684,
  "reserve_cap_tokens": 496607.387825,
  "reserve_cap_credits": 3065.821579,
  "reserve_cap_energy_units": 24750.032287
}
