{
  "updated_utc": "2026-02-16T02:00:07.888047+00:00",
  "reserve_tokens": 21715.029333,
  "reserve_credits": 79.583652,
  "reserve_energy_units": 400.151602,
  "reserve_cap_tokens": 496607.387825,
  "reserve_cap_credits": 3065.821579,
  "reserve_cap_energy_units": 6784.739966
}
