{
  "updated_utc": "2026-02-16T05:24:08.058265+00:00",
  "reserve_tokens": 13987.399358,
  "reserve_credits": 65.926294,
  "reserve_energy_units": 1040.371813,
  "reserve_cap_tokens": 496607.387825,
  "reserve_cap_credits": 3065.821579,
  "reserve_cap_energy_units": 24619.627059
}
