{
  "updated_utc": "2026-03-06T05:02:44.598061+00:00",
  "reserve_tokens": 10505.787965,
  "reserve_credits": 24.239123,
  "reserve_energy_units": 4004.898901,
  "reserve_cap_tokens": 496607.387825,
  "reserve_cap_credits": 3065.821579,
  "reserve_cap_energy_units": 84923.201886
}
