{
  "updated_utc": "2026-03-06T03:28:40.179411+00:00",
  "reserve_tokens": 14095.236696,
  "reserve_credits": 38.719397,
  "reserve_energy_units": 3124.860413,
  "reserve_cap_tokens": 496607.387825,
  "reserve_cap_credits": 3065.821579,
  "reserve_cap_energy_units": 82741.294125
}
