{
  "updated_utc": "2026-03-06T03:38:52.119894+00:00",
  "reserve_tokens": 9439.123504,
  "reserve_credits": 31.619534,
  "reserve_energy_units": 3362.597764,
  "reserve_cap_tokens": 496607.387825,
  "reserve_cap_credits": 3065.821579,
  "reserve_cap_energy_units": 82741.294125
}
