{
  "updated_utc": "2026-02-16T03:35:48.568961+00:00",
  "reserve_tokens": 21043.021833,
  "reserve_credits": 78.911645,
  "reserve_energy_units": 482.449782,
  "reserve_cap_tokens": 496607.387825,
  "reserve_cap_credits": 3065.821579,
  "reserve_cap_energy_units": 6784.739966
}
