{
  "updated_utc": "2026-02-16T05:02:41.473564+00:00",
  "reserve_tokens": 9278.923025,
  "reserve_credits": 63.114364,
  "reserve_energy_units": 1040.721127,
  "reserve_cap_tokens": 496607.387825,
  "reserve_cap_credits": 3065.821579,
  "reserve_cap_energy_units": 16577.031138
}
