{
  "generated_utc": "2026-02-16T03:35:48.367737+00:00",
  "engine": "qcit-coordination-engine",
  "vectors": {
    "energy": 0.82,
    "information": 0.84,
    "material": 0.79,
    "consciousness": 0.87
  },
  "outputs": {
    "balanced_mean": 0.83,
    "dispersion": 0.00085,
    "coordination_score": 0.82915,
    "integrated_energy": 0.754526,
    "integrated_information": 0.762818
  },
  "validation_digest_sha256": "50fff91c37f3bd15934d34337a9cbc59446d46c701b71cc90a9f15adc3941a23"
}
